"CheckpointID","SimulationID","Zone","Clock.Today","Wheat.Phenology.Stage","Wheat.Phenology.MinimumLeafNumber","Wheat.Leaf.LAI","Wheat.Phenology.AccumulatedTT","Wheat.AboveGround.Wt","Wheat.AboveGround.NConc","Date"
1,1,"field","2016-01-01 12:00:00",1,7,0,0,0,0,2016-01-01
1,1,"field","2016-01-02 12:00:00",1,7,0,0,0,0,2016-01-02
1,1,"field","2016-01-03 12:00:00",1,7,0,0,0,0,2016-01-03
1,1,"field","2016-01-04 12:00:00",1,7,0,0,0,0,2016-01-04
1,1,"field","2016-01-05 12:00:00",1,7,0,0,0,0,2016-01-05
1,1,"field","2016-01-06 12:00:00",1,7,0,0,0,0,2016-01-06
1,1,"field","2016-01-07 12:00:00",1,7,0,0,0,0,2016-01-07
1,1,"field","2016-01-08 12:00:00",1,7,0,0,0,0,2016-01-08
1,1,"field","2016-01-09 12:00:00",1,7,0,0,0,0,2016-01-09
1,1,"field","2016-01-10 12:00:00",1,7,0,0,0,0,2016-01-10
1,1,"field","2016-01-11 12:00:00",1,7,0,0,0,0,2016-01-11
1,1,"field","2016-01-12 12:00:00",1,7,0,0,0,0,2016-01-12
1,1,"field","2016-01-13 12:00:00",1,7,0,0,0,0,2016-01-13
1,1,"field","2016-01-14 12:00:00",1,7,0,0,0,0,2016-01-14
1,1,"field","2016-01-15 12:00:00",1,7,0,0,0,0,2016-01-15
1,1,"field","2016-01-16 12:00:00",1,7,0,0,0,0,2016-01-16
1,1,"field","2016-01-17 12:00:00",1,7,0,0,0,0,2016-01-17
1,1,"field","2016-01-18 12:00:00",1,7,0,0,0,0,2016-01-18
1,1,"field","2016-01-19 12:00:00",1,7,0,0,0,0,2016-01-19
1,1,"field","2016-01-20 12:00:00",1,7,0,0,0,0,2016-01-20
1,1,"field","2016-01-21 12:00:00",1,7,0,0,0,0,2016-01-21
1,1,"field","2016-01-22 12:00:00",1,7,0,0,0,0,2016-01-22
1,1,"field","2016-01-23 12:00:00",1,7,0,0,0,0,2016-01-23
1,1,"field","2016-01-24 12:00:00",1,7,0,0,0,0,2016-01-24
1,1,"field","2016-01-25 12:00:00",1,7,0,0,0,0,2016-01-25
1,1,"field","2016-01-26 12:00:00",1,7,0,0,0,0,2016-01-26
1,1,"field","2016-01-27 12:00:00",1,7,0,0,0,0,2016-01-27
1,1,"field","2016-01-28 12:00:00",1,7,0,0,0,0,2016-01-28
1,1,"field","2016-01-29 12:00:00",1,7,0,0,0,0,2016-01-29
1,1,"field","2016-01-30 12:00:00",1,7,0,0,0,0,2016-01-30
1,1,"field","2016-01-31 12:00:00",1,7,0,0,0,0,2016-01-31
1,1,"field","2016-02-01 12:00:00",1,7,0,0,0,0,2016-02-01
1,1,"field","2016-02-02 12:00:00",1,7,0,0,0,0,2016-02-02
1,1,"field","2016-02-03 12:00:00",1,7,0,0,0,0,2016-02-03
1,1,"field","2016-02-04 12:00:00",1,7,0,0,0,0,2016-02-04
1,1,"field","2016-02-05 12:00:00",1,7,0,0,0,0,2016-02-05
1,1,"field","2016-02-06 12:00:00",1,7,0,0,0,0,2016-02-06
1,1,"field","2016-02-07 12:00:00",1,7,0,0,0,0,2016-02-07
1,1,"field","2016-02-08 12:00:00",1,7,0,0,0,0,2016-02-08
1,1,"field","2016-02-09 12:00:00",1,7,0,0,0,0,2016-02-09
1,1,"field","2016-02-10 12:00:00",1,7,0,0,0,0,2016-02-10
1,1,"field","2016-02-11 12:00:00",1,7,0,0,0,0,2016-02-11
1,1,"field","2016-02-12 12:00:00",1,7,0,0,0,0,2016-02-12
1,1,"field","2016-02-13 12:00:00",1,7,0,0,0,0,2016-02-13
1,1,"field","2016-02-14 12:00:00",1,7,0,0,0,0,2016-02-14
1,1,"field","2016-02-15 12:00:00",1,7,0,0,0,0,2016-02-15
1,1,"field","2016-02-16 12:00:00",1,7,0,0,0,0,2016-02-16
1,1,"field","2016-02-17 12:00:00",1,7,0,0,0,0,2016-02-17
1,1,"field","2016-02-18 12:00:00",1,7,0,0,0,0,2016-02-18
1,1,"field","2016-02-19 12:00:00",1,7,0,0,0,0,2016-02-19
1,1,"field","2016-02-20 12:00:00",1,7,0,0,0,0,2016-02-20
1,1,"field","2016-02-21 12:00:00",1,7,0,0,0,0,2016-02-21
1,1,"field","2016-02-22 12:00:00",1,7,0,0,0,0,2016-02-22
1,1,"field","2016-02-23 12:00:00",1,7,0,0,0,0,2016-02-23
1,1,"field","2016-02-24 12:00:00",1,7,0,0,0,0,2016-02-24
1,1,"field","2016-02-25 12:00:00",1,7,0,0,0,0,2016-02-25
1,1,"field","2016-02-26 12:00:00",1,7,0,0,0,0,2016-02-26
1,1,"field","2016-02-27 12:00:00",1,7,0,0,0,0,2016-02-27
1,1,"field","2016-02-28 12:00:00",1,7,0,0,0,0,2016-02-28
1,1,"field","2016-02-29 12:00:00",1,7,0,0,0,0,2016-02-29
1,1,"field","2016-03-01 12:00:00",1,7,0,0,0,0,2016-03-01
1,1,"field","2016-03-02 12:00:00",1,7,0,0,0,0,2016-03-02
1,1,"field","2016-03-03 12:00:00",1,7,0,0,0,0,2016-03-03
1,1,"field","2016-03-04 12:00:00",1,7,0,0,0,0,2016-03-04
1,1,"field","2016-03-05 12:00:00",1,7,0,0,0,0,2016-03-05
1,1,"field","2016-03-06 12:00:00",1,7,0,0,0,0,2016-03-06
1,1,"field","2016-03-07 12:00:00",1,7,0,0,0,0,2016-03-07
1,1,"field","2016-03-08 12:00:00",1,7,0,0,0,0,2016-03-08
1,1,"field","2016-03-09 12:00:00",1,7,0,0,0,0,2016-03-09
1,1,"field","2016-03-10 12:00:00",1,7,0,0,0,0,2016-03-10
1,1,"field","2016-03-11 12:00:00",1,7,0,0,0,0,2016-03-11
1,1,"field","2016-03-12 12:00:00",1,7,0,0,0,0,2016-03-12
1,1,"field","2016-03-13 12:00:00",1,7,0,0,0,0,2016-03-13
1,1,"field","2016-03-14 12:00:00",1,7,0,0,0,0,2016-03-14
1,1,"field","2016-03-15 12:00:00",1,7,0,0,0,0,2016-03-15
1,1,"field","2016-03-16 12:00:00",1,7,0,0,0,0,2016-03-16
1,1,"field","2016-03-17 12:00:00",1,7,0,0,0,0,2016-03-17
1,1,"field","2016-03-18 12:00:00",1,7,0,0,0,0,2016-03-18
1,1,"field","2016-03-19 12:00:00",1,7,0,0,0,0,2016-03-19
1,1,"field","2016-03-20 12:00:00",1,7,0,0,0,0,2016-03-20
1,1,"field","2016-03-21 12:00:00",1,7,0,0,0,0,2016-03-21
1,1,"field","2016-03-22 12:00:00",1,7,0,0,0,0,2016-03-22
1,1,"field","2016-03-23 12:00:00",1,7,0,0,0,0,2016-03-23
1,1,"field","2016-03-24 12:00:00",1,7,0,0,0,0,2016-03-24
1,1,"field","2016-03-25 12:00:00",1,7,0,0,0,0,2016-03-25
1,1,"field","2016-03-26 12:00:00",1,7,0,0,0,0,2016-03-26
1,1,"field","2016-03-27 12:00:00",1,7,0,0,0,0,2016-03-27
1,1,"field","2016-03-28 12:00:00",1,7,0,0,0,0,2016-03-28
1,1,"field","2016-03-29 12:00:00",1,7,0,0,0,0,2016-03-29
1,1,"field","2016-03-30 12:00:00",1,7,0,0,0,0,2016-03-30
1,1,"field","2016-03-31 12:00:00",1,7,0,0,0,0,2016-03-31
1,1,"field","2016-04-01 12:00:00",1,7,0,0,0,0,2016-04-01
1,1,"field","2016-04-02 12:00:00",1,7,0,0,0,0,2016-04-02
1,1,"field","2016-04-03 12:00:00",1,7,0,0,0,0,2016-04-03
1,1,"field","2016-04-04 12:00:00",1,7,0,0,0,0,2016-04-04
1,1,"field","2016-04-05 12:00:00",1,7,0,0,0,0,2016-04-05
1,1,"field","2016-04-06 12:00:00",1,7,0,0,0,0,2016-04-06
1,1,"field","2016-04-07 12:00:00",1,7,0,0,0,0,2016-04-07
1,1,"field","2016-04-08 12:00:00",1,7,0,0,0,0,2016-04-08
1,1,"field","2016-04-09 12:00:00",1,7,0,0,0,0,2016-04-09
1,1,"field","2016-04-10 12:00:00",1,7,0,0,0,0,2016-04-10
1,1,"field","2016-04-11 12:00:00",1,7,0,0,0,0,2016-04-11
1,1,"field","2016-04-12 12:00:00",1,7,0,0,0,0,2016-04-12
1,1,"field","2016-04-13 12:00:00",1,7,0,0,0,0,2016-04-13
1,1,"field","2016-04-14 12:00:00",1,7,0,0,0,0,2016-04-14
1,1,"field","2016-04-15 12:00:00",1,7,0,0,0,0,2016-04-15
1,1,"field","2016-04-16 12:00:00",1,7,0,0,0,0,2016-04-16
1,1,"field","2016-04-17 12:00:00",1,7,0,0,0,0,2016-04-17
1,1,"field","2016-04-18 12:00:00",1,7,0,0,0,0,2016-04-18
1,1,"field","2016-04-19 12:00:00",1,7,0,0,0,0,2016-04-19
1,1,"field","2016-04-20 12:00:00",1,7,0,0,0,0,2016-04-20
1,1,"field","2016-04-21 12:00:00",1,7,0,0,0,0,2016-04-21
1,1,"field","2016-04-22 12:00:00",1,7,0,0,0,0,2016-04-22
1,1,"field","2016-04-23 12:00:00",1,7,0,0,0,0,2016-04-23
1,1,"field","2016-04-24 12:00:00",1,7,0,0,0,0,2016-04-24
1,1,"field","2016-04-25 12:00:00",1,7,0,0,0,0,2016-04-25
1,1,"field","2016-04-26 12:00:00",1,7,0,0,0,0,2016-04-26
1,1,"field","2016-04-27 12:00:00",1,7,0,0,0,0,2016-04-27
1,1,"field","2016-04-28 12:00:00",1,7,0,0,0,0,2016-04-28
1,1,"field","2016-04-29 12:00:00",1,7,0,0,0,0,2016-04-29
1,1,"field","2016-04-30 12:00:00",1,7,0,0,0,0,2016-04-30
1,1,"field","2016-05-01 12:00:00",1,7,0,0,0,0,2016-05-01
1,1,"field","2016-05-02 12:00:00",1,7,0,0,0,0,2016-05-02
1,1,"field","2016-05-03 12:00:00",1,7,0,0,0,0,2016-05-03
1,1,"field","2016-05-04 12:00:00",1,7,0,0,0,0,2016-05-04
1,1,"field","2016-05-05 12:00:00",1,7,0,0,0,0,2016-05-05
1,1,"field","2016-05-06 12:00:00",1,7,0,0,0,0,2016-05-06
1,1,"field","2016-05-07 12:00:00",1,7,0,0,0,0,2016-05-07
1,1,"field","2016-05-08 12:00:00",1,7,0,0,0,0,2016-05-08
1,1,"field","2016-05-09 12:00:00",1,7,0,0,0,0,2016-05-09
1,1,"field","2016-05-10 12:00:00",1,7,0,0,0,0,2016-05-10
1,1,"field","2016-05-11 12:00:00",1,7,0,0,0,0,2016-05-11
1,1,"field","2016-05-12 12:00:00",1,7,0,0,0,0,2016-05-12
1,1,"field","2016-05-13 12:00:00",1,7,0,0,0,0,2016-05-13
1,1,"field","2016-05-14 12:00:00",1,7,0,0,0,0,2016-05-14
1,1,"field","2016-05-15 12:00:00",1,7,0,0,0,0,2016-05-15
1,1,"field","2016-05-16 12:00:00",1,7,0,0,0,0,2016-05-16
1,1,"field","2016-05-17 12:00:00",1,7,0,0,0,0,2016-05-17
1,1,"field","2016-05-18 12:00:00",1,7,0,0,0,0,2016-05-18
1,1,"field","2016-05-19 12:00:00",1,7,0,0,0,0,2016-05-19
1,1,"field","2016-05-20 12:00:00",1,7,0,0,0,0,2016-05-20
1,1,"field","2016-05-21 12:00:00",1,7,0,0,0,0,2016-05-21
1,1,"field","2016-05-22 12:00:00",1,7,0,0,0,0,2016-05-22
1,1,"field","2016-05-23 12:00:00",1,7,0,0,0,0,2016-05-23
1,1,"field","2016-05-24 12:00:00",1,7,0,0,0,0,2016-05-24
1,1,"field","2016-05-25 12:00:00",1,7,0,0,0,0,2016-05-25
1,1,"field","2016-05-26 12:00:00",1,7,0,0,0,0,2016-05-26
1,1,"field","2016-05-27 12:00:00",1,7,0,0,0,0,2016-05-27
1,1,"field","2016-05-28 12:00:00",1,7,0,0,0,0,2016-05-28
1,1,"field","2016-05-29 12:00:00",1,7,0,0,0,0,2016-05-29
1,1,"field","2016-05-30 12:00:00",1,7,0,0,0,0,2016-05-30
1,1,"field","2016-05-31 12:00:00",1,7,0,0,0,0,2016-05-31
1,1,"field","2016-06-01 12:00:00",1,7,0,0,0,0,2016-06-01
1,1,"field","2016-06-02 12:00:00",1,7,0,0,0,0,2016-06-02
1,1,"field","2016-06-03 12:00:00",1,7,0,0,0,0,2016-06-03
1,1,"field","2016-06-04 12:00:00",1,7,0,0,0,0,2016-06-04
1,1,"field","2016-06-05 12:00:00",1,7,0,0,0,0,2016-06-05
1,1,"field","2016-06-06 12:00:00",1,7,0,0,0,0,2016-06-06
1,1,"field","2016-06-07 12:00:00",1,7,0,0,0,0,2016-06-07
1,1,"field","2016-06-08 12:00:00",1,7,0,0,0,0,2016-06-08
1,1,"field","2016-06-09 12:00:00",1,7,0,0,0,0,2016-06-09
1,1,"field","2016-06-10 12:00:00",1,7,0,0,0,0,2016-06-10
1,1,"field","2016-06-11 12:00:00",1,7,0,0,0,0,2016-06-11
1,1,"field","2016-06-12 12:00:00",1,7,0,0,0,0,2016-06-12
1,1,"field","2016-06-13 12:00:00",1,7,0,0,0,0,2016-06-13
1,1,"field","2016-06-14 12:00:00",1,7,0,0,0,0,2016-06-14
1,1,"field","2016-06-15 12:00:00",1,7,0,0,0,0,2016-06-15
1,1,"field","2016-06-16 12:00:00",1,7,0,0,0,0,2016-06-16
1,1,"field","2016-06-17 12:00:00",1,7,0,0,0,0,2016-06-17
1,1,"field","2016-06-18 12:00:00",1,7,0,0,0,0,2016-06-18
1,1,"field","2016-06-19 12:00:00",1,7,0,0,0,0,2016-06-19
1,1,"field","2016-06-20 12:00:00",1,7,0,0,0,0,2016-06-20
1,1,"field","2016-06-21 12:00:00",1,7,0,0,0,0,2016-06-21
1,1,"field","2016-06-22 12:00:00",1,7,0,0,0,0,2016-06-22
1,1,"field","2016-06-23 12:00:00",1,7,0,0,0,0,2016-06-23
1,1,"field","2016-06-24 12:00:00",1,7,0,0,0,0,2016-06-24
1,1,"field","2016-06-25 12:00:00",1,7,0,0,0,0,2016-06-25
1,1,"field","2016-06-26 12:00:00",1,7,0,0,0,0,2016-06-26
1,1,"field","2016-06-27 12:00:00",1,7,0,0,0,0,2016-06-27
1,1,"field","2016-06-28 12:00:00",1,7,0,0,0,0,2016-06-28
1,1,"field","2016-06-29 12:00:00",1,7,0,0,0,0,2016-06-29
1,1,"field","2016-06-30 12:00:00",1,7,0,0,0,0,2016-06-30
1,1,"field","2016-07-01 12:00:00",1,7,0,0,0,0,2016-07-01
1,1,"field","2016-07-02 12:00:00",1,7,0,0,0,0,2016-07-02
1,1,"field","2016-07-03 12:00:00",1,7,0,0,0,0,2016-07-03
1,1,"field","2016-07-04 12:00:00",1,7,0,0,0,0,2016-07-04
1,1,"field","2016-07-05 12:00:00",1,7,0,0,0,0,2016-07-05
1,1,"field","2016-07-06 12:00:00",1,7,0,0,0,0,2016-07-06
1,1,"field","2016-07-07 12:00:00",1,7,0,0,0,0,2016-07-07
1,1,"field","2016-07-08 12:00:00",1,7,0,0,0,0,2016-07-08
1,1,"field","2016-07-09 12:00:00",1,7,0,0,0,0,2016-07-09
1,1,"field","2016-07-10 12:00:00",1,7,0,0,0,0,2016-07-10
1,1,"field","2016-07-11 12:00:00",1,7,0,0,0,0,2016-07-11
1,1,"field","2016-07-12 12:00:00",1,7,0,0,0,0,2016-07-12
1,1,"field","2016-07-13 12:00:00",1,7,0,0,0,0,2016-07-13
1,1,"field","2016-07-14 12:00:00",1,7,0,0,0,0,2016-07-14
1,1,"field","2016-07-15 12:00:00",1,7,0,0,0,0,2016-07-15
1,1,"field","2016-07-16 12:00:00",1,7,0,0,0,0,2016-07-16
1,1,"field","2016-07-17 12:00:00",1,7,0,0,0,0,2016-07-17
1,1,"field","2016-07-18 12:00:00",1,7,0,0,0,0,2016-07-18
1,1,"field","2016-07-19 12:00:00",1,7,0,0,0,0,2016-07-19
1,1,"field","2016-07-20 12:00:00",1,7,0,0,0,0,2016-07-20
1,1,"field","2016-07-21 12:00:00",1,7,0,0,0,0,2016-07-21
1,1,"field","2016-07-22 12:00:00",1,7,0,0,0,0,2016-07-22
1,1,"field","2016-07-23 12:00:00",1,7,0,0,0,0,2016-07-23
1,1,"field","2016-07-24 12:00:00",1,7,0,0,0,0,2016-07-24
1,1,"field","2016-07-25 12:00:00",1,7,0,0,0,0,2016-07-25
1,1,"field","2016-07-26 12:00:00",1,7,0,0,0,0,2016-07-26
1,1,"field","2016-07-27 12:00:00",1,7,0,0,0,0,2016-07-27
1,1,"field","2016-07-28 12:00:00",1,7,0,0,0,0,2016-07-28
1,1,"field","2016-07-29 12:00:00",1,7,0,0,0,0,2016-07-29
1,1,"field","2016-07-30 12:00:00",1,7,0,0,0,0,2016-07-30
1,1,"field","2016-07-31 12:00:00",1,7,0,0,0,0,2016-07-31
1,1,"field","2016-08-01 12:00:00",1,7,0,0,0,0,2016-08-01
1,1,"field","2016-08-02 12:00:00",1,7,0,0,0,0,2016-08-02
1,1,"field","2016-08-03 12:00:00",1,7,0,0,0,0,2016-08-03
1,1,"field","2016-08-04 12:00:00",1,7,0,0,0,0,2016-08-04
1,1,"field","2016-08-05 12:00:00",1,7,0,0,0,0,2016-08-05
1,1,"field","2016-08-06 12:00:00",1,7,0,0,0,0,2016-08-06
1,1,"field","2016-08-07 12:00:00",1,7,0,0,0,0,2016-08-07
1,1,"field","2016-08-08 12:00:00",1,7,0,0,0,0,2016-08-08
1,1,"field","2016-08-09 12:00:00",1,7,0,0,0,0,2016-08-09
1,1,"field","2016-08-10 12:00:00",1,7,0,0,0,0,2016-08-10
1,1,"field","2016-08-11 12:00:00",1,7,0,0,0,0,2016-08-11
1,1,"field","2016-08-12 12:00:00",1,7,0,0,0,0,2016-08-12
1,1,"field","2016-08-13 12:00:00",1,7,0,0,0,0,2016-08-13
1,1,"field","2016-08-14 12:00:00",1,7,0,0,0,0,2016-08-14
1,1,"field","2016-08-15 12:00:00",1,7,0,0,0,0,2016-08-15
1,1,"field","2016-08-16 12:00:00",1,7,0,0,0,0,2016-08-16
1,1,"field","2016-08-17 12:00:00",1,7,0,0,0,0,2016-08-17
1,1,"field","2016-08-18 12:00:00",1,7,0,0,0,0,2016-08-18
1,1,"field","2016-08-19 12:00:00",1,7,0,0,0,0,2016-08-19
1,1,"field","2016-08-20 12:00:00",1,7,0,0,0,0,2016-08-20
1,1,"field","2016-08-21 12:00:00",1,7,0,0,0,0,2016-08-21
1,1,"field","2016-08-22 12:00:00",1,7,0,0,0,0,2016-08-22
1,1,"field","2016-08-23 12:00:00",1,7,0,0,0,0,2016-08-23
1,1,"field","2016-08-24 12:00:00",1,7,0,0,0,0,2016-08-24
1,1,"field","2016-08-25 12:00:00",1,7,0,0,0,0,2016-08-25
1,1,"field","2016-08-26 12:00:00",1,7,0,0,0,0,2016-08-26
1,1,"field","2016-08-27 12:00:00",1,7,0,0,0,0,2016-08-27
1,1,"field","2016-08-28 12:00:00",1,7,0,0,0,0,2016-08-28
1,1,"field","2016-08-29 12:00:00",1,7,0,0,0,0,2016-08-29
1,1,"field","2016-08-30 12:00:00",1,7,0,0,0,0,2016-08-30
1,1,"field","2016-08-31 12:00:00",1,7,0,0,0,0,2016-08-31
1,1,"field","2016-09-01 12:00:00",1,7,0,0,0,0,2016-09-01
1,1,"field","2016-09-02 12:00:00",1,7,0,0,0,0,2016-09-02
1,1,"field","2016-09-03 12:00:00",1,7,0,0,0,0,2016-09-03
1,1,"field","2016-09-04 12:00:00",1,7,0,0,0,0,2016-09-04
1,1,"field","2016-09-05 12:00:00",1,7,0,0,0,0,2016-09-05
1,1,"field","2016-09-06 12:00:00",1,7,0,0,0,0,2016-09-06
1,1,"field","2016-09-07 12:00:00",1,7,0,0,0,0,2016-09-07
1,1,"field","2016-09-08 12:00:00",1,7,0,0,0,0,2016-09-08
1,1,"field","2016-09-09 12:00:00",1,7,0,0,0,0,2016-09-09
1,1,"field","2016-09-10 12:00:00",1,7,0,0,0,0,2016-09-10
1,1,"field","2016-09-11 12:00:00",1,7,0,0,0,0,2016-09-11
1,1,"field","2016-09-12 12:00:00",1,7,0,0,0,0,2016-09-12
1,1,"field","2016-09-13 12:00:00",1,7,0,0,0,0,2016-09-13
1,1,"field","2016-09-14 12:00:00",1,7,0,0,0,0,2016-09-14
1,1,"field","2016-09-15 12:00:00",1,7,0,0,0,0,2016-09-15
1,1,"field","2016-09-16 12:00:00",1,7,0,0,0,0,2016-09-16
1,1,"field","2016-09-17 12:00:00",1,7,0,0,0,0,2016-09-17
1,1,"field","2016-09-18 12:00:00",1,7,0,0,0,0,2016-09-18
1,1,"field","2016-09-19 12:00:00",1,7,0,0,0,0,2016-09-19
1,1,"field","2016-09-20 12:00:00",1,7,0,0,0,0,2016-09-20
1,1,"field","2016-09-21 12:00:00",1,7,0,0,0,0,2016-09-21
1,1,"field","2016-09-22 12:00:00",1,7,0,0,0,0,2016-09-22
1,1,"field","2016-09-23 12:00:00",1,7,0,0,0,0,2016-09-23
1,1,"field","2016-09-24 12:00:00",1,7,0,0,0,0,2016-09-24
1,1,"field","2016-09-25 12:00:00",1,7,0,0,0,0,2016-09-25
1,1,"field","2016-09-26 12:00:00",1,7,0,0,0,0,2016-09-26
1,1,"field","2016-09-27 12:00:00",1,7,0,0,0,0,2016-09-27
1,1,"field","2016-09-28 12:00:00",1,7,0,0,0,0,2016-09-28
1,1,"field","2016-09-29 12:00:00",1,7,0,0,0,0,2016-09-29
1,1,"field","2016-09-30 12:00:00",1,7,0,0,0,0,2016-09-30
1,1,"field","2016-10-01 12:00:00",1,7,0,0,0,0,2016-10-01
1,1,"field","2016-10-02 12:00:00",1,7,0,0,0,0,2016-10-02
1,1,"field","2016-10-03 12:00:00",1,7,0,0,0,0,2016-10-03
1,1,"field","2016-10-04 12:00:00",1,7,0,0,0,0,2016-10-04
1,1,"field","2016-10-05 12:00:00",1,7,0,0,0,0,2016-10-05
1,1,"field","2016-10-06 12:00:00",1,7,0,0,0,0,2016-10-06
1,1,"field","2016-10-07 12:00:00",1,7,0,0,0,0,2016-10-07
1,1,"field","2016-10-08 12:00:00",1,7,0,0,0,0,2016-10-08
1,1,"field","2016-10-09 12:00:00",1,7,0,0,0,0,2016-10-09
1,1,"field","2016-10-10 12:00:00",1.999,6,0,14.4644999504089,0,0,2016-10-10
1,1,"field","2016-10-11 12:00:00",2.16030434732852,6,0,32.8994998931885,0,0,2016-10-11
1,1,"field","2016-10-12 12:00:00",2.21834347766379,6,0,39.5739998817444,0,0,2016-10-12
1,1,"field","2016-10-13 12:00:00",2.26987279753268,6,0,45.4998716666669,0,0,2016-10-13
1,1,"field","2016-10-14 12:00:00",2.36576410424396,6,0,56.527371938464,0,0,2016-10-14
1,1,"field","2016-10-15 12:00:00",2.52515540792836,6,0,74.8573718621701,0,0,2016-10-15
1,1,"field","2016-10-16 12:00:00",2.69554670630535,6,0,94.4523711755246,0,0,2016-10-16
1,1,"field","2016-10-17 12:00:00",2.87345436850077,6,0,114.911752327997,0,0,2016-10-17
1,1,"field","2016-10-18 12:00:00",3,6,0.06,131.241752728541,3.87096774193548,0.0405431219489874,2016-10-18
1,1,"field","2016-10-19 12:00:00",3.18246043571696,6,0.06,145.078752860148,4.08699598701045,0.03844280961639,2016-10-19
1,1,"field","2016-10-20 12:00:00",3.20809856867619,6,0.06,152.77175281914,4.23776816860603,0.0445062843708886,2016-10-20
1,1,"field","2016-10-21 12:00:00",3.22171267736803,6,0.060012356902451,160.37175269397,4.41146929653084,0.043383488633845,2016-10-21
1,1,"field","2016-10-22 12:00:00",3.23495193121545,6,0.0605294806905731,173.984752371628,4.64788316043716,0.0425372369919085,2016-10-22
1,1,"field","2016-10-23 12:00:00",3.2591560512361,6,0.0607098474307084,187.90275259288,4.91932823160109,0.0415803951308819,2016-10-23
1,1,"field","2016-10-24 12:00:00",3.28357299758957,6,0.0607098474307084,197.141252591927,5.13310663880397,0.0412568918904361,2016-10-24
1,1,"field","2016-10-25 12:00:00",3.29913606428936,6,0.0607098474307084,208.721252515633,5.23762311656203,0.0411912982035049,2016-10-25
1,1,"field","2016-10-26 12:00:00",3.3187015797125,6,0.0607098474307084,218.497252300102,5.29671199294616,0.041032571091162,2016-10-26
1,1,"field","2016-10-27 12:00:00",3.33478490662277,6,0.0726520078196615,229.646252467949,5.53652878240086,0.0473264465895722,2016-10-27
1,1,"field","2016-10-28 12:00:00",3.35308097352083,6,0.0814322323948716,246.384752347786,5.81378985597578,0.0495150438757596,2016-10-28
1,1,"field","2016-10-29 12:00:00",3.38091999471911,6,0.0890751909325675,263.534752443153,6.24810177978993,0.049518207040909,2016-10-29
1,1,"field","2016-10-30 12:00:00",3.40911335015373,6,0.0944355337826002,273.319752290566,6.55454974004848,0.0495142661954049,2016-10-30
1,1,"field","2016-10-31 12:00:00",3.42429661151798,6,0.0973055896864327,284.878752067406,6.71584109131478,0.0495202940170915,2016-10-31
1,1,"field","2016-11-01 12:00:00",3.44231860211414,6,0.106296203336791,301.668752029259,7.22943728124851,0.0495142253906801,2016-11-01
1,1,"field","2016-11-02 12:00:00",3.46895709624959,6,0.111764466538603,315.243751838524,7.53915298746325,0.0495176492129329,2016-11-02
1,1,"field","2016-11-03 12:00:00",3.48990088757058,6,0.121808423058371,328.171751692612,8.12198395418581,0.0494874021706967,2016-11-03
1,1,"field","2016-11-04 12:00:00",3.50953339432746,6,0.134163506661827,342.788751318771,8.80733557286429,0.049501060548901,2016-11-04
1,1,"field","2016-11-05 12:00:00",3.53172976937674,6,0.145194407223651,357.960751488525,9.41624920550971,0.0495083758840485,2016-11-05
1,1,"field","2016-11-06 12:00:00",3.54840094234198,6,0.159589854118762,370.134751513321,10.2214477519278,0.0494863291650176,2016-11-06
1,1,"field","2016-11-07 12:00:00",3.56126144222014,6,0.169480063993601,380.878751232941,10.7681178694472,0.0494858708532948,2016-11-07
1,1,"field","2016-11-08 12:00:00",3.57227744663988,6,0.183999104499018,391.064251139481,11.5822855105262,0.049482354571884,2016-11-08
1,1,"field","2016-11-09 12:00:00",3.58252911516346,6,0.198250983883286,399.699251189549,12.3848530608454,0.049505062477618,2016-11-09
1,1,"field","2016-11-10 12:00:00",3.59085620913236,6,0.216497363485556,412.13525094064,13.4040792834351,0.0495346816767476,2016-11-10
1,1,"field","2016-11-11 12:00:00",3.60360221459967,6,0.228191697754932,418.875251188595,14.060853647139,0.0495387005796155,2016-11-11
1,1,"field","2016-11-12 12:00:00",3.6095821762491,6,0.240012048447513,424.409830049256,14.7351775646638,0.0495542513966014,2016-11-12
1,1,"field","2016-11-13 12:00:00",3.61413232969544,6,0.258978650295691,433.4998296356,15.8074651383686,0.0495820830302545,2016-11-13
1,1,"field","2016-11-14 12:00:00",3.62277262327831,6,0.276144821718268,441.958829567412,16.7743772873453,0.0495956121248028,2016-11-14
1,1,"field","2016-11-15 12:00:00",3.63064039266293,6,0.296637434877806,452.266829640249,17.9262550002928,0.049612126530152,2016-11-15
1,1,"field","2016-11-16 12:00:00",3.64057558658363,6,0.317128829122244,462.567829400877,19.0772194977667,0.0496221391966523,2016-11-16
1,1,"field","2016-11-17 12:00:00",3.6504491889151,6,0.335700268924598,478.802829057554,20.0705862604403,0.049633575494813,2016-11-17
1,1,"field","2016-11-18 12:00:00",3.6669485613884,6,0.33950983118644,483.520657527747,20.2742699981766,0.0496357973694843,2016-11-18
1,1,"field","2016-11-19 12:00:00",3.67046820160243,6,0.33950983118644,484.331429054181,20.3462225589741,0.0494681916186818,2016-11-19
1,1,"field","2016-11-20 12:00:00",3.67046820160243,6,0.33950983118644,485.294931243549,20.4136204723437,0.0493170671296841,2016-11-20
1,1,"field","2016-11-21 12:00:00",3.67046820160243,6,0.339651488394232,487.456600102077,20.6633433668477,0.0488451246527966,2016-11-21
1,1,"field","2016-11-22 12:00:00",3.67046820160243,6,0.345305229002652,490.447600039134,20.7053011737829,0.0496069583330357,2016-11-22
1,1,"field","2016-11-23 12:00:00",3.67155587404893,6,0.346989604400545,493.499600144515,20.7953445451307,0.0496080151433104,2016-11-23
1,1,"field","2016-11-24 12:00:00",3.67337512534707,6,0.34776685188634,495.500600161443,20.8369110645887,0.0496084776735466,2016-11-24
1,1,"field","2016-11-25 12:00:00",3.67409046865277,6,0.35301059444426,499.445600094686,21.1187965388142,0.0496099075697347,2016-11-25
1,1,"field","2016-11-26 12:00:00",3.67694492731326,6,0.37080792812039,505.793599868605,22.0792193590045,0.0496210401034232,2016-11-26
1,1,"field","2016-11-27 12:00:00",3.68240907659194,6,0.374795132357953,511.198464785608,22.2912928015381,0.0496233014176244,2016-11-27
1,1,"field","2016-11-28 12:00:00",3.68688189073263,6,0.391955897953965,519.784464632066,23.2070110491082,0.0496275921272446,2016-11-28
1,1,"field","2016-11-29 12:00:00",3.69476531571836,6,0.398382549155488,522.789464627298,23.5594837579498,0.0496194571164774,2016-11-29
1,1,"field","2016-11-30 12:00:00",3.69674086302794,6,0.399225248836834,523.835464608761,23.6058750823728,0.0496182315938035,2016-11-30
1,1,"field","2016-12-01 12:00:00",3.69674086302794,6,0.400101622001479,524.891464610489,23.6541678982461,0.0496169141307118,2016-12-01
1,1,"field","2016-12-02 12:00:00",3.69674086302794,6,0.401376938016472,526.296464597712,23.7238013406004,0.0496168969754182,2016-12-02
1,1,"field","2016-12-03 12:00:00",3.69714617407531,6,0.404161861252911,528.230964651237,23.8768083184272,0.0496185095800995,2016-12-03
1,1,"field","2016-12-04 12:00:00",3.69819323068788,6,0.404196689547912,528.51336505901,23.8953387397293,0.0495869273285486,2016-12-04
1,1,"field","2016-12-05 12:00:00",3.69819323068788,6,0.408978202008651,531.0443539384,24.1934681857078,0.0496209982207827,2016-12-05
1,1,"field","2016-12-06 12:00:00",3.69934759920743,6,0.408978202008651,531.677158155664,24.2214780502946,0.0495666509175049,2016-12-06
1,1,"field","2016-12-07 12:00:00",3.69934759920743,6,0.408978202008651,531.677158155664,24.2214780502946,0.0495751142316566,2016-12-07
1,1,"field","2016-12-08 12:00:00",3.69934759920743,6,0.408978202008651,531.677158155664,24.2214780502946,0.0495821972979348,2016-12-08
1,1,"field","2016-12-09 12:00:00",3.69934759920743,6,0.408978202008651,531.677158155664,24.2214780502946,0.0495881097131981,2016-12-09
1,1,"field","2016-12-10 12:00:00",3.69934759920743,6,0.408978202008651,531.677158155664,24.2214780502946,0.049593049582748,2016-12-10
1,1,"field","2016-12-11 12:00:00",3.69934759920743,6,0.408978202008651,531.677158155664,24.2214780502946,0.049597180110616,2016-12-11
1,1,"field","2016-12-12 12:00:00",3.69934759920743,6,0.408978202008651,531.677158155664,24.2214780502946,0.0496006361541657,2016-12-12
1,1,"field","2016-12-13 12:00:00",3.69934759920743,6,0.408978202008651,531.677158155664,24.2214780502946,0.0496035294303876,2016-12-13
1,1,"field","2016-12-14 12:00:00",3.69934759920743,6,0.408978202008651,531.677158155664,24.2214780502946,0.0496059526840273,2016-12-14
1,1,"field","2016-12-15 12:00:00",3.69934759920743,6,0.408978202008651,531.677158155664,24.2214780502946,0.0496079830475915,2016-12-15
1,1,"field","2016-12-16 12:00:00",3.69934759920743,6,0.408978202008651,531.677158155664,24.2214780502946,0.0496096847661087,2016-12-16
1,1,"field","2016-12-17 12:00:00",3.69934759920743,6,0.408978202008651,531.677158155664,24.2214780502946,0.0496111114181569,2016-12-17
1,1,"field","2016-12-18 12:00:00",3.69934759920743,6,0.408978202008651,531.677158155664,24.2214780502946,0.0496123077343255,2016-12-18
1,1,"field","2016-12-19 12:00:00",3.69934759920743,6,0.408978202008651,531.677158155664,24.2214780502946,0.0496133110917526,2016-12-19
1,1,"field","2016-12-20 12:00:00",3.69934759920743,6,0.408978202008651,533.217321841987,24.3988212318886,0.0492836496826317,2016-12-20
1,1,"field","2016-12-21 12:00:00",3.69934759920743,6,0.410126246355302,535.460255363735,24.6161365538407,0.0491055379327225,2016-12-21
1,1,"field","2016-12-22 12:00:00",3.69934759920743,6,0.410126246355302,537.343769190033,24.8548616803917,0.0487580702088718,2016-12-22
1,1,"field","2016-12-23 12:00:00",3.70079200164597,6,0.411028262231543,538.344613373405,24.8929434046296,0.0489608312876192,2016-12-23
1,1,"field","2016-12-24 12:00:00",3.70209041523824,6,0.411028262231543,538.472026717351,24.8929434046296,0.0490653775484173,2016-12-24
1,1,"field","2016-12-25 12:00:00",3.70255851884492,6,0.416509987890535,542.797026914046,24.9532026168239,0.0496121050416945,2016-12-25
1,1,"field","2016-12-26 12:00:00",3.70739850910826,6,0.420706378814693,545.302853740663,25.3417919712671,0.0494968684222655,2016-12-26
1,1,"field","2016-12-27 12:00:00",3.71044155808316,6,0.420706378814693,546.929154569072,25.5752981262901,0.0490930895864506,2016-12-27
1,1,"field","2016-12-28 12:00:00",3.712649091393,6,0.424825444806948,549.176302793597,25.7782033804355,0.0493833070268788,2016-12-28
1,1,"field","2016-12-29 12:00:00",3.71556557518342,6,0.42515437105098,550.176916733288,25.9316193522171,0.0491882585769031,2016-12-29
1,1,"field","2016-12-30 12:00:00",3.71726456121371,6,0.42515437105098,552.043186748742,26.156685543424,0.0488585591990551,2016-12-30
1,1,"field","2016-12-31 12:00:00",3.71992802892704,6,0.42515437105098,552.094410408674,26.156685543424,0.0489674521731595,2016-12-31
1,1,"field","2017-01-01 12:00:00",3.720777500615,6,0.42515437105098,552.124892402272,26.156685543424,0.0490594186540744,2017-01-01
1,1,"field","2017-01-02 12:00:00",3.72101831729566,6,0.425276225206724,552.518313523674,26.1960324006228,0.0490836567489834,2017-01-02
1,1,"field","2017-01-03 12:00:00",3.72230508802574,6,0.425276225206724,552.518313523674,26.1960324006228,0.0491506794960134,2017-01-03
1,1,"field","2017-01-04 12:00:00",3.72324663186678,6,0.425276225206724,552.518313523674,26.1960324006228,0.0492064376577568,2017-01-04
1,1,"field","2017-01-05 12:00:00",3.72425237494786,6,0.425276225206724,552.518313523674,26.1960324006228,0.0492523866751292,2017-01-05
1,1,"field","2017-01-06 12:00:00",3.72532223696888,6,0.425276225206724,552.518313523674,26.1960324006228,0.0492904697938784,2017-01-06
1,1,"field","2017-01-07 12:00:00",3.72645613575401,6,0.425276225206724,552.518313523674,26.1960324006228,0.0493221524455007,2017-01-07
1,1,"field","2017-01-08 12:00:00",3.72765398782121,6,0.425276225206724,552.518313523674,26.1960324006228,0.0493485617946171,2017-01-08
1,1,"field","2017-01-09 12:00:00",3.72891570897376,6,0.425276225206724,552.518313523674,26.1960324006228,0.0493705796243555,2017-01-09
1,1,"field","2017-01-10 12:00:00",3.73024121491217,6,0.425276225206724,553.162033029975,26.2108514982705,0.0493632512176383,2017-01-10
1,1,"field","2017-01-11 12:00:00",3.73232088780314,6,0.425276225206724,553.162033029975,26.2108514982705,0.0493799599726253,2017-01-11
1,1,"field","2017-01-12 12:00:00",3.73377508425503,6,0.425276225206724,553.162033029975,26.2108514982705,0.0493952090776117,2017-01-12
1,1,"field","2017-01-13 12:00:00",3.735292878324,6,0.425276225206724,553.162033029975,26.2108514982705,0.0494077673584046,2017-01-13
1,1,"field","2017-01-14 12:00:00",3.73687419168477,6,0.425276225206724,553.162033029975,26.2108514982705,0.0494180121973941,2017-01-14
1,1,"field","2017-01-15 12:00:00",3.73851894921114,6,0.425276225206724,553.162033029975,26.2108514982705,0.0494262560353898,2017-01-15
1,1,"field","2017-01-16 12:00:00",3.74022707967151,6,0.425276225206724,553.219798830786,26.2108514982705,0.0494327595224239,2017-01-16
1,1,"field","2017-01-17 12:00:00",3.7420623354317,6,0.425276225206724,553.398876007722,26.2170673772678,0.0494268032333759,2017-01-17
1,1,"field","2017-01-18 12:00:00",3.74409612140762,6,0.435741604578871,556.7821554525,26.808047445492,0.0495116798368078,2017-01-18
1,1,"field","2017-01-19 12:00:00",3.74977498226659,6,0.437081630472825,558.020959867629,26.8921801713444,0.0495082167979616,2017-01-19
1,1,"field","2017-01-20 12:00:00",3.75313903249619,6,0.438618492731023,560.173459871205,26.9745587547889,0.0495085269414513,2017-01-20
1,1,"field","2017-01-21 12:00:00",3.75761207879173,6,0.444369726111916,564.122959835919,27.2834246962373,0.0495091271104046,2017-01-21
1,1,"field","2017-01-22 12:00:00",3.76421570274086,6,0.445192640730235,565.187889005522,27.328847109431,0.0495080978678552,2017-01-22
1,1,"field","2017-01-23 12:00:00",3.76762113556916,6,0.445192640730235,565.347687107749,27.3321270819719,0.0495021845505647,2017-01-23
1,1,"field","2017-01-24 12:00:00",3.77005874743584,6,0.445192640730235,565.352130545701,27.3321270819719,0.0495021845505647,2017-01-24
1,1,"field","2017-01-25 12:00:00",3.77238199927328,6,0.445192640730235,565.352130545701,27.3321270819719,0.0495021845505647,2017-01-25
1,1,"field","2017-01-26 12:00:00",3.77476429819651,6,0.445192640730235,565.352130545701,27.3321270819719,0.0495021845505647,2017-01-26
1,1,"field","2017-01-27 12:00:00",3.77721080558598,6,0.445192640730235,565.352130545701,27.3321270819719,0.0495021845505647,2017-01-27
1,1,"field","2017-01-28 12:00:00",3.77972155293476,6,0.445192640730235,565.352130545701,27.3321270819719,0.0495021845505647,2017-01-28
1,1,"field","2017-01-29 12:00:00",3.78229658503802,6,0.445192640730235,565.539850648004,27.3321270819719,0.0495021845505647,2017-01-29
1,1,"field","2017-01-30 12:00:00",3.78516196393014,6,0.447855764617301,567.84305602954,27.76492451197,0.049104226306513,2017-01-30
1,1,"field","2017-01-31 12:00:00",3.79066114059796,6,0.453514712108787,570.212556100351,28.0118128906366,0.0494104313919856,2017-01-31
1,1,"field","2017-02-01 12:00:00",3.79633806237214,6,0.453514712108787,570.268992549127,28.0118128906366,0.0494104313919856,2017-02-01
1,1,"field","2017-02-02 12:00:00",3.79926181154843,6,0.453514712108787,570.268992549127,28.0118128906366,0.0494104313919856,2017-02-02
1,1,"field","2017-02-03 12:00:00",3.8021814454594,6,0.453514712108787,570.268992549127,28.0118128906366,0.0494104313919856,2017-02-03
1,1,"field","2017-02-04 12:00:00",3.80516644181298,6,0.453514712108787,571.826296388527,28.2789604192168,0.0489621342255654,2017-02-04
1,1,"field","2017-02-05 12:00:00",3.81018633276875,6,0.453514712108787,571.989811328612,28.2789604192168,0.0489825827062116,2017-02-05
1,1,"field","2017-02-06 12:00:00",3.81351873689448,6,0.467954664001295,576.320953643582,29.1250372544155,0.0493564497557421,2017-02-06
1,1,"field","2017-02-07 12:00:00",3.82228414465564,6,0.467954664001295,577.747664599232,29.190919199738,0.0492493928279906,2017-02-07
1,1,"field","2017-02-08 12:00:00",3.82741640479813,6,0.467954664001295,577.747664599232,29.190919199738,0.0492493928279906,2017-02-08
1,1,"field","2017-02-09 12:00:00",3.83077007846368,6,0.467954664001295,577.747664599232,29.190919199738,0.0492493928279906,2017-02-09
1,1,"field","2017-02-10 12:00:00",3.83419113400372,6,0.471901706048931,581.285861925415,30.0246037495913,0.0484380801948649,2017-02-10
1,1,"field","2017-02-11 12:00:00",3.84240635369621,6,0.48929974047751,586.330862120918,30.5324803878221,0.0492570066540475,2017-02-11
1,1,"field","2017-02-12 12:00:00",3.85278794515033,6,0.494851667942748,589.029925320304,31.3394302856833,0.0487007683117358,2017-02-12
1,1,"field","2017-02-13 12:00:00",3.86013918764871,6,0.501967716949812,592.25593172495,32.2104070039367,0.0483446344652576,2017-02-13
1,1,"field","2017-02-14 12:00:00",3.86833787375146,6,0.516278564566273,596.197256009943,33.2336623996355,0.0486328939104134,2017-02-14
1,1,"field","2017-02-15 12:00:00",3.8776657556906,6,0.516419723778428,597.736239406282,33.7302312871823,0.0480451796212608,2017-02-15
1,1,"field","2017-02-16 12:00:00",3.88377263821274,6,0.551222770795935,603.934807969131,35.4825180561088,0.049013103121904,2017-02-16
1,1,"field","2017-02-17 12:00:00",3.89659496201332,6,0.619634591258006,614.933308316269,39.10063713001,0.0490021398956834,2017-02-17
1,1,"field","2017-02-18 12:00:00",3.91650629875025,6,0.691218819172143,623.909808290996,42.8898887795165,0.048996940689152,2017-02-18
1,1,"field","2017-02-19 12:00:00",3.93380440920324,6,0.763831511420034,635.505808723964,46.7251616361536,0.0489885988409612,2017-02-19
1,1,"field","2017-02-20 12:00:00",3.95521957515626,6,0.771688498185972,646.470808876552,47.1754192476006,0.0489399526739881,2017-02-20
1,1,"field","2017-02-21 12:00:00",3.97604661400349,6,0.859138503518258,655.141809223094,51.8093211177061,0.048926618092705,2017-02-21
1,1,"field","2017-02-22 12:00:00",3.99377749879679,6,0.968940783750194,668.019309518733,57.5739879741742,0.0489102363533977,2017-02-22
1,1,"field","2017-02-23 12:00:00",5,6,0.975550173669506,671.373809574046,57.9452260665834,0.0488917648869428,2017-02-23
1,1,"field","2017-02-24 12:00:00",5.00465655262282,6,0.9755196711585,671.515927571129,57.9452260665834,0.0488917648869428,2017-02-24
1,1,"field","2017-02-25 12:00:00",5.00485383386329,6,0.9755196711585,671.515927571129,57.9452260665834,0.0488917648869428,2017-02-25
1,1,"field","2017-02-26 12:00:00",5.00485383386329,6,0.97532259589025,672.434145169436,58.5278798563317,0.0484510709618851,2017-02-26
1,1,"field","2017-02-27 12:00:00",5.00612845854512,6,0.996144592981209,676.44301535654,60.6956648865274,0.0483589409680847,2017-02-27
1,1,"field","2017-02-28 12:00:00",5.01169337572398,6,1.05192106724356,684.702515621661,63.4399681642882,0.0486803055502925,2017-02-28
1,1,"field","2017-03-01 12:00:00",5.02315880931721,6,1.0524402649637,685.852668752336,63.8403623269621,0.0484500008848573,2017-03-01
1,1,"field","2017-03-02 12:00:00",5.02475539554138,6,1.0524402649637,685.852668752336,63.8403623269621,0.0484834739028286,2017-03-02
1,1,"field","2017-03-03 12:00:00",5.02475539554138,6,1.05229655288812,686.522255342566,63.9288099951017,0.0484522865542276,2017-03-03
1,1,"field","2017-03-04 12:00:00",5.0256848828395,6,1.11404395278763,692.837004270907,68.4591240125363,0.0485290085293849,2017-03-04
1,1,"field","2017-03-05 12:00:00",5.03445070791024,6,1.16007664199308,702.169004288073,70.9594642859702,0.0485098796892395,2017-03-05
1,1,"field","2017-03-06 12:00:00",5.04740493311207,6,1.23873719698401,716.476004209872,75.2370967918907,0.0484865926978643,2017-03-06
1,1,"field","2017-03-07 12:00:00",5.06726520943103,6,1.29063010948128,722.100504231211,78.9999855711117,0.048387830922974,2017-03-07
1,1,"field","2017-03-08 12:00:00",5.07507286478787,6,1.31993547428777,726.522910394906,82.1079434582708,0.0482018509511058,2017-03-08
1,1,"field","2017-03-09 12:00:00",5.08121183234821,6,1.3247320931777,729.001744163721,83.9856460518675,0.0475673088914464,2017-03-09
1,1,"field","2017-03-10 12:00:00",5.08465282793544,6,1.3247320931777,729.001744163721,83.9856460518675,0.0477499005527867,2017-03-10
1,1,"field","2017-03-11 12:00:00",5.08465282793544,6,1.3247320931777,729.001744163721,83.9856460518675,0.047868621480607,2017-03-11
1,1,"field","2017-03-12 12:00:00",5.08465282793544,6,1.3247320931777,729.001744163721,83.9856460518675,0.0479410653685163,2017-03-12
1,1,"field","2017-03-13 12:00:00",5.08465282793544,6,1.3247320931777,729.001744163721,83.9856460518675,0.0479861962820315,2017-03-13
1,1,"field","2017-03-14 12:00:00",5.08465282793544,6,1.3247320931777,729.001744163721,83.9856460518675,0.0480146664991412,2017-03-14
1,1,"field","2017-03-15 12:00:00",5.08465282793544,6,1.32472466972713,729.036331674412,83.9856460518675,0.0480325213788134,2017-03-15
1,1,"field","2017-03-16 12:00:00",5.08470084062316,6,1.3334838677689,731.443643377354,85.5605820350118,0.047708169617779,2017-03-16
1,1,"field","2017-03-17 12:00:00",5.08804255278278,6,1.47195628387626,739.255643588683,93.0838534576997,0.0479759616681277,2017-03-17
1,1,"field","2017-03-18 12:00:00",5.09888678872664,6,1.5404475892563,743.8075717616,97.5528787405688,0.0478954979583933,2017-03-18
1,1,"field","2017-03-19 12:00:00",5.10520555239424,6,1.70108925881676,753.284072064154,106.474919811143,0.0478875298603203,2017-03-19
1,1,"field","2017-03-20 12:00:00",5.11836036581243,6,1.89968270807442,764.027071975462,117.540946523253,0.0478574493204704,2017-03-20
1,1,"field","2017-03-21 12:00:00",5.13327327193526,6,1.92964759109445,767.301488518446,120.373703987194,0.0477654250068327,2017-03-21
1,1,"field","2017-03-22 12:00:00",5.13781865654996,6,1.93499820274494,769.439652550548,121.896407227937,0.0474319495081375,2017-03-22
1,1,"field","2017-03-23 12:00:00",5.19863446637709,6,1.9960603176389,776.263652432292,124.924054150873,0.0475284559865516,2017-03-23
1,1,"field","2017-03-24 12:00:00",5.20862685110103,6,2.02324809279963,785.064652550548,126.36791052421,0.0475142748281996,2017-03-24
1,1,"field","2017-03-25 12:00:00",5.22151415776296,6,2.0338542723378,788.959652412265,126.951201338409,0.0475037122595881,2017-03-25
1,1,"field","2017-03-26 12:00:00",5.22721760702914,6,2.05945165679513,794.208152401775,128.368696565581,0.0474808960593638,2017-03-26
1,1,"field","2017-03-27 12:00:00",5.23490298686905,6,2.12436046076304,802.03315221104,131.977935451592,0.0474275788936629,2017-03-27
1,1,"field","2017-03-28 12:00:00",5.2463611360358,6,2.16764385930971,810.150152075618,134.310324045919,0.0474065880040961,2017-03-28
1,1,"field","2017-03-29 12:00:00",5.25824686095616,6,2.17638241867886,815.338152039379,134.783178375269,0.0473983254821451,2017-03-29
1,1,"field","2017-03-30 12:00:00",5.26584365059333,6,2.19273773232376,819.90565203461,135.682338410392,0.0473851700785292,2017-03-30
1,1,"field","2017-03-31 12:00:00",5.27253184197226,6,2.22221718730426,824.493152010768,137.386714412914,0.0473474854506426,2017-03-31
1,1,"field","2017-04-01 12:00:00",5.27924931932824,6,2.31408969585591,831.588151979774,142.916508584025,0.0471973327782307,2017-04-01
1,1,"field","2017-04-02 12:00:00",5.28963852954735,6,2.35050672720576,839.808651972145,144.867334746816,0.0471847324915823,2017-04-02
1,1,"field","2017-04-03 12:00:00",5.30167580973058,6,2.37238262082539,848.660652208656,146.02999626336,0.0471754823935931,2017-04-03
1,1,"field","2017-04-04 12:00:00",5.31463779587835,6,2.53724366315217,859.275652218192,155.061994623915,0.0470304823536362,2017-04-04
1,1,"field","2017-04-05 12:00:00",5.33018134303222,6,2.62903819719982,867.66965203318,160.031317491528,0.04696568188577,2017-04-05
1,1,"field","2017-04-06 12:00:00",5.34247267904885,6,2.78834770851538,874.257652211517,170.555552261631,0.0466449518144626,2017-04-06
1,1,"field","2017-04-07 12:00:00",5.3521194893484,6,3.02484591425426,882.384151944473,185.038376763076,0.0456871683837314,2017-04-07
1,1,"field","2017-04-08 12:00:00",5.36401912492839,6,3.25634189707548,897.175152310684,198.407243252911,0.0445969667008216,2017-04-08
1,1,"field","2017-04-09 12:00:00",5.43894250693126,6,3.46079730171421,916.675152310684,209.847074874889,0.0437009783144007,2017-04-09
1,1,"field","2017-04-10 12:00:00",5.46749636178081,6,3.57613688156728,925.321152099922,216.623750691188,0.0439110080236598,2017-04-10
1,1,"field","2017-04-11 12:00:00",5.48015670142242,6,3.7539730771285,934.638651975944,231.533486627664,0.0423867386137831,2017-04-11
1,1,"field","2017-04-12 12:00:00",5.49380031880809,6,3.94241494390811,946.627651581123,242.645846430618,0.0416925957583427,2017-04-12
1,1,"field","2017-04-13 12:00:00",5.51135581391157,6,4.20025238355487,962.287651905372,258.12905659097,0.0402712914001168,2017-04-13
1,1,"field","2017-04-14 12:00:00",5.53428675628093,6,4.31287408103506,977.667652019813,264.240802977626,0.040425432477449,2017-04-14
1,1,"field","2017-04-15 12:00:00",5.55680769427345,6,4.51240696016609,995.932651886299,275.247497742879,0.0397792376972161,2017-04-15
1,1,"field","2017-04-16 12:00:00",5.58355313812036,6,4.77980979550395,1011.07765186723,293.131725317635,0.0381226293480208,2017-04-16
1,1,"field","2017-04-17 12:00:00",5.64736441479014,6,5.00962172562577,1026.442151913,311.042560380712,0.0365403877782157,2017-04-17
1,1,"field","2017-04-18 12:00:00",5.66343458710307,6,5.12340748098716,1041.87215174134,317.629035839519,0.0364128798528798,2017-04-18
1,1,"field","2017-04-19 12:00:00",5.67957326752165,6,5.29920911541738,1056.86215151246,328.405172279538,0.0361472943494811,2017-04-19
1,1,"field","2017-04-20 12:00:00",5.69525173923078,6,5.39635156952499,1065.94565165932,334.378280857707,0.0365603683359536,2017-04-20
1,1,"field","2017-04-21 12:00:00",5.70475243317656,6,5.51585497040427,1075.05265153344,347.168290267521,0.0361788969036044,2017-04-21
1,1,"field","2017-04-22 12:00:00",5.71427770616265,6,5.70367175866418,1087.13265098031,367.645009026704,0.0350167414776946,2017-04-22
1,1,"field","2017-04-23 12:00:00",5.72691252487286,6,5.91186776539556,1101.0486511081,387.127986797361,0.0340699185416377,2017-04-23
1,1,"field","2017-04-24 12:00:00",5.74146766947855,6,6.12987322541555,1116.21515119965,405.509376028051,0.0333215994165813,2017-04-24
1,1,"field","2017-04-25 12:00:00",5.75733074794705,6,6.28079360180407,1131.0451516002,414.892782558801,0.0334046679789342,2017-04-25
1,1,"field","2017-04-26 12:00:00",5.77284187171467,6,6.34338069481341,1136.65415144856,418.983585220528,0.0338932502332602,2017-04-26
1,1,"field","2017-04-27 12:00:00",5.77284187171467,6,6.39650905385874,1141.32665135111,424.427799979423,0.0338834205713376,2017-04-27
1,1,"field","2017-04-28 12:00:00",5.77284187171467,6,6.41729477314479,1144.30466834823,426.058436858919,0.0338859753272926,2017-04-28
1,1,"field","2017-04-29 12:00:00",5.77284187171467,6,6.44860607158021,1149.15466849128,428.028768247571,0.0339001046372107,2017-04-29
1,1,"field","2017-04-30 12:00:00",5.77284187171467,6,6.46351296434174,1153.69666854659,428.958452024123,0.0339073183981588,2017-04-30
1,1,"field","2017-05-01 12:00:00",5.77284187171467,6,6.51299381307197,1159.2836686782,432.104177413663,0.0339276545583948,2017-05-01
1,1,"field","2017-05-02 12:00:00",5.77284187171467,6,6.72122013319046,1168.35566849628,452.425624551389,0.0330021306106671,2017-05-02
1,1,"field","2017-05-03 12:00:00",5.77284187171467,6,6.95000172251111,1178.06766862789,468.988532081413,0.0324037913065924,2017-05-03
1,1,"field","2017-05-04 12:00:00",5.77284187171467,6,7.12612593533027,1190.86516828457,486.196956664107,0.0317408903116672,2017-05-04
1,1,"field","2017-05-05 12:00:00",5.8873318651794,6,7.32789403824593,1206.8371679298,505.429855227814,0.0309620317970433,2017-05-05
1,1,"field","2017-05-06 12:00:00",5.90403743878845,6,7.52702785604945,1222.97216768185,526.814456917752,0.0300691081122945,2017-05-06
1,1,"field","2017-05-07 12:00:00",5.92091349889532,6,7.7290239337745,1239.93216795841,546.242826410044,0.0293324968577508,2017-05-07
1,1,"field","2017-05-08 12:00:00",5.93865245076879,6,7.91023205586718,1258.77270192123,559.853245929049,0.0289504165760206,2017-05-08
1,1,"field","2017-05-09 12:00:00",5.95835830688829,6,8.12682779539139,1278.95599840451,579.323925502902,0.0282357858520965,2017-05-09
1,1,"field","2017-05-10 12:00:00",5.97946859693112,6,8.23246328414542,1295.32599829007,586.818608632415,0.0282172217243898,2017-05-10
1,1,"field","2017-05-11 12:00:00",5.99659045043367,6,8.25636432522575,1310.82599876691,605.500231980309,0.0276100959185711,2017-05-11
1,1,"field","2017-05-12 12:00:00",6.0000005505,6,8.11532971298896,1327.34099863339,625.610329916565,0.026969842724367,2017-05-12
1,1,"field","2017-05-13 12:00:00",6.06208387852597,6,7.95906843713516,1345.96599704118,645.401613917799,0.0262365741041677,2017-05-13
1,1,"field","2017-05-14 12:00:00",6.12521304891915,6,7.80300849511588,1364.90474815914,662.800130924579,0.0256602079737505,2017-05-14
1,1,"field","2017-05-15 12:00:00",6.18634139919433,6,7.6560183287203,1383.24325324169,672.376287637329,0.0254332471449786,2017-05-15
1,1,"field","2017-05-16 12:00:00",6.24875212286438,6,7.51082513620745,1401.96647034271,684.892510954568,0.0250817499485499,2017-05-16
1,1,"field","2017-05-17 12:00:00",6.31391878857738,6,7.35817622448365,1421.51647005661,698.544157373498,0.0247172740788651,2017-05-17
1,1,"field","2017-05-18 12:00:00",6.358135454799,6,7.25426576469195,1434.78146992309,709.033388052332,0.0245461634670474,2017-05-18
1,1,"field","2017-05-19 12:00:00",6.38676545475449,6,7.18730911831787,1443.37046990974,711.426936879959,0.0245727096069433,2017-05-19
1,1,"field","2017-05-20 12:00:00",6.42729212219046,6,7.08996953576184,1455.52847014053,717.304743124547,0.0243770497644003,2017-05-20
1,1,"field","2017-05-21 12:00:00",6.45875212206966,6,7.01564992645831,1464.96647010429,724.987220896338,0.02421158478004,2017-05-21
1,1,"field","2017-05-22 12:00:00",6.50950878793524,6,6.89874866179239,1480.19346986396,743.768846979057,0.0237681296695969,2017-05-22
1,1,"field","2017-05-23 12:00:00",6.5499254546019,6,6.8111134456208,1492.31846986396,754.438773845828,0.0236074761209304,2017-05-23
1,1,"field","2017-05-24 12:00:00",6.59482545390254,6,6.71616661477555,1505.78846965416,765.13002207656,0.0233792281061344,2017-05-24
1,1,"field","2017-05-25 12:00:00",6.64575878793524,6,6.61433947367625,1521.06846986396,787.405841152623,0.0229337644902794,2017-05-25
1,1,"field","2017-05-26 12:00:00",6.71250717498431,6,6.49326317319979,1541.09298597869,803.077179411293,0.0226560362821008,2017-05-26
1,1,"field","2017-05-27 12:00:00",6.76910717663734,6,6.39884803896634,1558.0729864746,813.684339912218,0.0224950546535393,2017-05-27
1,1,"field","2017-05-28 12:00:00",6.83363357050821,6,6.29113688990061,1577.43090463586,834.911257516857,0.0220874917355264,2017-05-28
1,1,"field","2017-05-29 12:00:00",6.89215023660267,6,6.1980498703517,1594.98590446419,856.951861538565,0.0217109145500034,2017-05-29
1,1,"field","2017-05-30 12:00:00",6.94823356930022,6,6.11478090418023,1611.81090427346,879.330903196906,0.0213313648012057,2017-05-30
1,1,"field","2017-05-31 12:00:00",8.00772558807345,6,6.10267918259468,1628.26790405221,901.843423768847,0.0209536315584504,2017-05-31
1,1,"field","2017-06-01 12:00:00",8.16073439815594,6,6.05984437618932,1646.62896126211,920.955894843476,0.0206656584283873,2017-06-01
1,1,"field","2017-06-02 12:00:00",8.31975482121944,6,6.00659577788295,1665.71141202973,938.005653336697,0.0204274540224159,2017-06-02
1,1,"field","2017-06-03 12:00:00",8.47370296275919,6,5.94533379182192,1684.1851890145,950.902396116619,0.0202806856809015,2017-06-03
1,1,"field","2017-06-04 12:00:00",8.62633424803705,6,5.88405849389183,1702.50094324784,961.951313933399,0.0201713831987673,2017-06-04
1,1,"field","2017-06-05 12:00:00",8.7988872872521,6,5.82775455584469,1723.20730795365,981.872079381216,0.0198522162632412,2017-06-05
1,1,"field","2017-06-06 12:00:00",8.97082044593662,6,5.75426341056314,1743.83928699579,1000.65610573998,0.019563168101093,2017-06-06
1,1,"field","2017-06-07 12:00:00",9.02969281430389,6,5.68877802813527,1763.52341727901,1015.55956903555,0.0193606238287355,2017-06-07
1,1,"field","2017-06-08 12:00:00",9.06556697184983,6,5.63075733661788,1783.07483314155,1027.8555063533,0.0192119642961873,2017-06-08
1,1,"field","2017-06-09 12:00:00",9.09995888572943,6,5.50563710461953,1801.81842620593,1038.08284607941,0.0191021575166022,2017-06-09
1,1,"field","2017-06-10 12:00:00",9.13358030997499,6,5.36543003865487,1820.14210241976,1044.87886112733,0.019057985375432,2017-06-10
1,1,"field","2017-06-11 12:00:00",9.16592708854659,6,5.2443551751916,1837.77109674129,1050.63432035923,0.0190294021895159,2017-06-11
1,1,"field","2017-06-12 12:00:00",9.2035433784512,6,5.15440416606878,1858.2719747393,1059.98599750885,0.0189230023989746,2017-06-12
1,1,"field","2017-06-13 12:00:00",9.23817950527303,6,4.955190013154,1877.1486638572,1067.77646865364,0.0188839937128931,2017-06-13
1,1,"field","2017-06-14 12:00:00",9.27676418536801,6,4.76264585777197,1898.17731450896,1080.90810060354,0.0187614561980102,2017-06-14
1,1,"field","2017-06-15 12:00:00",9.31085695704867,6,4.41356641209801,1916.75787507492,1089.77150439373,0.0187016896888908,2017-06-15
1,1,"field","2017-06-16 12:00:00",9.34825552276189,6,4.21941143252534,1937.14009338862,1103.45060790805,0.0185868609429783,2017-06-16
1,1,"field","2017-06-17 12:00:00",9.38754369564937,6,4.01590634149749,1958.5521476123,1112.71705868766,0.0185624737381321,2017-06-17
1,1,"field","2017-06-18 12:00:00",9.42267213510641,6,3.81545318362726,1977.69714711639,1129.41983530966,0.0183877058026718,2017-06-18
1,1,"field","2017-06-19 12:00:00",9.45887412918219,6,3.51675213948377,1997.42723388769,1140.51310814423,0.018307251338439,2017-06-19
1,1,"field","2017-06-20 12:00:00",9.4925936154046,6,3.10209648696359,2015.8043538789,1147.93715414147,0.0181726847461343,2017-06-20
1,1,"field","2017-06-21 12:00:00",9.52685002020279,6,2.7350188715551,2034.47409449391,1155.19637740823,0.0180825921457151,2017-06-21
1,1,"field","2017-06-22 12:00:00",9.5659801197794,6,2.4889405251345,2055.79999876316,1165.59559527233,0.0180636810577328,2017-06-22
1,1,"field","2017-06-23 12:00:00",9.60094342221672,6,2.30260982602598,2074.8549985915,1179.70704194067,0.0179744980405492,2017-06-23
1,1,"field","2017-06-24 12:00:00",9.63398011879948,6,2.12502140009357,2092.85999822911,1193.76078100505,0.0178790153295741,2017-06-24
1,1,"field","2017-06-25 12:00:00",9.66411773295342,6,1.96440834802751,2109.284997943,1209.00722253,0.0177465221418891,2017-06-25
1,1,"field","2017-06-26 12:00:00",9.69575076005639,6,1.79582575873743,2126.52499771412,1223.21799616596,0.0176266957387844,2017-06-26
1,1,"field","2017-06-27 12:00:00",9.7292094758977,6,1.57206299785566,2144.75999784764,1234.66644005233,0.0175383028730728,2017-06-27
1,1,"field","2017-06-28 12:00:00",9.76895508957772,6,1.36646714645209,2166.42135730325,1242.80728320642,0.0175133296453151,2017-06-28
1,1,"field","2017-06-29 12:00:00",9.8081073158211,6,1.2382108972565,2187.75932060589,1251.31204563877,0.0174895635412339,2017-06-29
1,1,"field","2017-06-30 12:00:00",9.84698855524768,6,1.11084235627161,2208.94959609338,1260.44960747323,0.0174497044066085,2017-06-30
1,1,"field","2017-07-01 12:00:00",9.88436519748968,6,0.988402628025134,2229.31986611527,1270.6813038665,0.0173817968492473,2017-07-01
1,1,"field","2017-07-02 12:00:00",9.92215316311398,6,0.864615472077008,2249.91430738051,1276.32004549181,0.0173763015843627,2017-07-02
1,1,"field","2017-07-03 12:00:00",9.95711160625425,6,0.745902135864668,2268.96665889196,1281.5182864992,0.0173662813344735,2017-07-03
1,1,"field","2017-07-04 12:00:00",9.99400743562783,6,0.625037471439193,2289.07488590056,1286.18953716311,0.0173506378004912,2017-07-04
1,1,"field","2017-07-05 12:00:00",10.4475267446093,6,0.511258489286606,2308.00426954472,1290.82722334982,0.0172883004002548,2017-07-05
1,1,"field","2017-07-06 12:00:00",10.9952234781989,6,0.396036925200557,2327.17365522036,1294.15705534838,0.0172438180589226,2017-07-06
1,1,"field","2017-07-07 12:00:00",11.0713060415051,6,0.295033352267899,2348.73264593493,1298.19217184572,0.0171902198195898,2017-07-07
1,1,"field","2017-07-08 12:00:00",11.1385792558535,6,0.240538638507135,2368.91461023943,1301.22651129465,0.0171501338225081,2017-07-08
1,1,"field","2017-07-09 12:00:00",11.2008419749508,6,0.190102679886106,2387.59342596864,1302.97640170861,0.017127101283519,2017-07-09
1,1,"field","2017-07-10 12:00:00",11.2706291813874,6,0.133571505097406,2408.5295878996,1304.57841523861,0.0171060693181995,2017-07-10
1,1,"field","2017-07-11 12:00:00",11.3325209549671,6,0.0834360311491867,2427.09711997353,1305.22666101354,0.0170975735239499,2017-07-11
1,1,"field","2017-07-12 12:00:00",11.3990979244961,6,0.0295053109853916,2447.07021083221,1305.51411249686,0.0170938089358665,2017-07-12
1,1,"field","2017-07-13 12:00:00",11.4710915078512,6,0,2468.66828583875,1305.51411249686,0.0170938089358665,2017-07-13
1,1,"field","2017-07-14 12:00:00",11.5393028162384,6,0,2489.13167835491,1305.51411249686,0.0170938089358665,2017-07-14
1,1,"field","2017-07-15 12:00:00",11.6000098551146,6,0,2507.34379001778,1305.51411249686,0.0170938089358665,2017-07-15
1,1,"field","2017-07-16 12:00:00",11.6673104769774,6,0,2527.5339765766,1305.51411249686,0.0170938089358665,2017-07-16
1,1,"field","2017-07-17 12:00:00",11.7342640589895,6,0,2547.62005118026,1305.51411249686,0.0170938089358665,2017-07-17
1,1,"field","2017-07-18 12:00:00",11.8037343968457,6,0,2568.46115253711,1305.51411249686,0.0170938089358665,2017-07-18
1,1,"field","2017-07-19 12:00:00",11.8624037632532,6,0,2586.06196245935,1305.51411249686,0.0170938089358665,2017-07-19
1,1,"field","2017-07-20 12:00:00",11.9161353909818,6,0,2602.18145077794,1305.51411249686,0.0170938089358665,2017-07-20
1,1,"field","2017-07-21 12:00:00",11.9906237047022,6,0,2624.52794489405,1305.51411249686,0.0170938089358665,2017-07-21
1,1,"field","2017-07-22 12:00:00",12,6,0,2646.04526392073,1305.51411249686,0.0170938089358665,2017-07-22
1,1,"field","2017-07-23 12:00:00",1,6,0,0,0,0,2017-07-23
1,1,"field","2017-07-24 12:00:00",1,6,0,0,0,0,2017-07-24
1,1,"field","2017-07-25 12:00:00",1,6,0,0,0,0,2017-07-25
1,1,"field","2017-07-26 12:00:00",1,6,0,0,0,0,2017-07-26
1,1,"field","2017-07-27 12:00:00",1,6,0,0,0,0,2017-07-27
1,1,"field","2017-07-28 12:00:00",1,6,0,0,0,0,2017-07-28
1,1,"field","2017-07-29 12:00:00",1,6,0,0,0,0,2017-07-29
1,1,"field","2017-07-30 12:00:00",1,6,0,0,0,0,2017-07-30
1,1,"field","2017-07-31 12:00:00",1,6,0,0,0,0,2017-07-31
1,1,"field","2017-08-01 12:00:00",1,6,0,0,0,0,2017-08-01
1,1,"field","2017-08-02 12:00:00",1,6,0,0,0,0,2017-08-02
1,1,"field","2017-08-03 12:00:00",1,6,0,0,0,0,2017-08-03
1,1,"field","2017-08-04 12:00:00",1,6,0,0,0,0,2017-08-04
1,1,"field","2017-08-05 12:00:00",1,6,0,0,0,0,2017-08-05
1,1,"field","2017-08-06 12:00:00",1,6,0,0,0,0,2017-08-06
1,1,"field","2017-08-07 12:00:00",1,6,0,0,0,0,2017-08-07
1,1,"field","2017-08-08 12:00:00",1,6,0,0,0,0,2017-08-08
1,1,"field","2017-08-09 12:00:00",1,6,0,0,0,0,2017-08-09
1,1,"field","2017-08-10 12:00:00",1,6,0,0,0,0,2017-08-10
1,1,"field","2017-08-11 12:00:00",1,6,0,0,0,0,2017-08-11
1,1,"field","2017-08-12 12:00:00",1,6,0,0,0,0,2017-08-12
1,1,"field","2017-08-13 12:00:00",1,6,0,0,0,0,2017-08-13
1,1,"field","2017-08-14 12:00:00",1,6,0,0,0,0,2017-08-14
1,1,"field","2017-08-15 12:00:00",1,6,0,0,0,0,2017-08-15
1,1,"field","2017-08-16 12:00:00",1,6,0,0,0,0,2017-08-16
1,1,"field","2017-08-17 12:00:00",1,6,0,0,0,0,2017-08-17
1,1,"field","2017-08-18 12:00:00",1,6,0,0,0,0,2017-08-18
1,1,"field","2017-08-19 12:00:00",1,6,0,0,0,0,2017-08-19
1,1,"field","2017-08-20 12:00:00",1,6,0,0,0,0,2017-08-20
1,1,"field","2017-08-21 12:00:00",1,6,0,0,0,0,2017-08-21
1,1,"field","2017-08-22 12:00:00",1,6,0,0,0,0,2017-08-22
1,1,"field","2017-08-23 12:00:00",1,6,0,0,0,0,2017-08-23
1,1,"field","2017-08-24 12:00:00",1,6,0,0,0,0,2017-08-24
1,1,"field","2017-08-25 12:00:00",1,6,0,0,0,0,2017-08-25
1,1,"field","2017-08-26 12:00:00",1,6,0,0,0,0,2017-08-26
1,1,"field","2017-08-27 12:00:00",1,6,0,0,0,0,2017-08-27
1,1,"field","2017-08-28 12:00:00",1,6,0,0,0,0,2017-08-28
1,1,"field","2017-08-29 12:00:00",1,6,0,0,0,0,2017-08-29
1,1,"field","2017-08-30 12:00:00",1,6,0,0,0,0,2017-08-30
1,1,"field","2017-08-31 12:00:00",1,6,0,0,0,0,2017-08-31
1,1,"field","2017-09-01 12:00:00",1,6,0,0,0,0,2017-09-01
1,1,"field","2017-09-02 12:00:00",1,6,0,0,0,0,2017-09-02
1,1,"field","2017-09-03 12:00:00",1,6,0,0,0,0,2017-09-03
1,1,"field","2017-09-04 12:00:00",1,6,0,0,0,0,2017-09-04
1,1,"field","2017-09-05 12:00:00",1,6,0,0,0,0,2017-09-05
1,1,"field","2017-09-06 12:00:00",1,6,0,0,0,0,2017-09-06
1,1,"field","2017-09-07 12:00:00",1,6,0,0,0,0,2017-09-07
1,1,"field","2017-09-08 12:00:00",1,6,0,0,0,0,2017-09-08
1,1,"field","2017-09-09 12:00:00",1,6,0,0,0,0,2017-09-09
1,1,"field","2017-09-10 12:00:00",1,6,0,0,0,0,2017-09-10
1,1,"field","2017-09-11 12:00:00",1,6,0,0,0,0,2017-09-11
1,1,"field","2017-09-12 12:00:00",1,6,0,0,0,0,2017-09-12
1,1,"field","2017-09-13 12:00:00",1,6,0,0,0,0,2017-09-13
1,1,"field","2017-09-14 12:00:00",1,6,0,0,0,0,2017-09-14
1,1,"field","2017-09-15 12:00:00",1,6,0,0,0,0,2017-09-15
1,1,"field","2017-09-16 12:00:00",1,6,0,0,0,0,2017-09-16
1,1,"field","2017-09-17 12:00:00",1,6,0,0,0,0,2017-09-17
1,1,"field","2017-09-18 12:00:00",1,6,0,0,0,0,2017-09-18
1,1,"field","2017-09-19 12:00:00",1,6,0,0,0,0,2017-09-19
1,1,"field","2017-09-20 12:00:00",1,6,0,0,0,0,2017-09-20
1,1,"field","2017-09-21 12:00:00",1,6,0,0,0,0,2017-09-21
1,1,"field","2017-09-22 12:00:00",1,6,0,0,0,0,2017-09-22
1,1,"field","2017-09-23 12:00:00",1,6,0,0,0,0,2017-09-23
1,1,"field","2017-09-24 12:00:00",1,6,0,0,0,0,2017-09-24
1,1,"field","2017-09-25 12:00:00",1,6,0,0,0,0,2017-09-25
1,1,"field","2017-09-26 12:00:00",1,6,0,0,0,0,2017-09-26
1,1,"field","2017-09-27 12:00:00",1,6,0,0,0,0,2017-09-27
1,1,"field","2017-09-28 12:00:00",1,6,0,0,0,0,2017-09-28
1,1,"field","2017-09-29 12:00:00",1,6,0,0,0,0,2017-09-29
1,1,"field","2017-09-30 12:00:00",1,6,0,0,0,0,2017-09-30
1,1,"field","2017-10-01 12:00:00",1,6,0,0,0,0,2017-10-01
1,1,"field","2017-10-02 12:00:00",1,6,0,0,0,0,2017-10-02
1,1,"field","2017-10-03 12:00:00",1,6,0,0,0,0,2017-10-03
1,1,"field","2017-10-04 12:00:00",1,6,0,0,0,0,2017-10-04
1,1,"field","2017-10-05 12:00:00",1,6,0,0,0,0,2017-10-05
1,1,"field","2017-10-06 12:00:00",1,6,0,0,0,0,2017-10-06
1,1,"field","2017-10-07 12:00:00",1,6,0,0,0,0,2017-10-07
1,1,"field","2017-10-08 12:00:00",1,6,0,0,0,0,2017-10-08
1,1,"field","2017-10-09 12:00:00",1,6,0,0,0,0,2017-10-09
1,1,"field","2017-10-10 12:00:00",1.999,6,0,6.21299982070923,0,0,2017-10-10
1,1,"field","2017-10-11 12:00:00",2.09510000477666,6,0,17.1495003700256,0,0,2017-10-11
1,1,"field","2017-10-12 12:00:00",2.20814348718394,6,0,30.1495008468628,0,0,2017-10-12
1,1,"field","2017-10-13 12:00:00",2.30962174871694,6,0,41.8195009231567,0,0,2017-10-13
1,1,"field","2017-10-14 12:00:00",2.42392609637717,6,0,54.9645009040833,0,0,2017-10-14
1,1,"field","2017-10-15 12:00:00",2.50212609456933,6,0,63.9575006961823,0,0,2017-10-15
1,1,"field","2017-10-16 12:00:00",2.60255218485127,6,0,75.5065010786057,0,0,2017-10-16
1,1,"field","2017-10-17 12:00:00",2.7410304473794,6,0,91.4315012693405,0,0,2017-10-17
1,1,"field","2017-10-18 12:00:00",2.88134784180185,6,0,107.568001627922,0,0,2017-10-18
1,1,"field","2017-10-19 12:00:00",3,6,0.06,123.254001736641,3.87096774193548,0.0403429691806217,2017-10-19
1,1,"field","2017-10-20 12:00:00",3.18246043571696,6,0.0622230739036852,140.659001469612,4.0102009085814,0.039248530062026,2017-10-20
1,1,"field","2017-10-21 12:00:00",3.21492907239897,6,0.0638859930466409,156.784001946449,4.10863054951946,0.0399761369797641,2017-10-21
1,1,"field","2017-10-22 12:00:00",3.24448391367436,6,0.068987568792405,169.176002383232,4.41925999467482,0.0391801440188888,2017-10-22
1,1,"field","2017-10-23 12:00:00",3.26660266240034,6,0.068987568792405,180.364502549171,4.59403182234599,0.0399802582776586,2017-10-23
1,1,"field","2017-10-24 12:00:00",3.28616646621829,6,0.068987568792405,187.326502680779,4.76816063164153,0.041041733627642,2017-10-24
1,1,"field","2017-10-25 12:00:00",3.29768797655911,6,0.068987568792405,197.658502519131,5.02162296903283,0.0404626601205231,2017-10-25
1,1,"field","2017-10-26 12:00:00",3.31517795145725,6,0.068987568792405,207.486502110958,5.22530025488946,0.0398510765478278,2017-10-26
1,1,"field","2017-10-27 12:00:00",3.33151980348596,6,0.068987568792405,208.822842223241,5.24136833783428,0.040681724187269,2017-10-27
1,1,"field","2017-10-28 12:00:00",3.3324986169605,6,0.068987568792405,211.753707611605,5.33268660084997,0.0405070245700467,2017-10-28
1,1,"field","2017-10-29 12:00:00",3.33628813963755,6,0.068987568792405,215.307886758714,5.38085713150286,0.0405104242280312,2017-10-29
1,1,"field","2017-10-30 12:00:00",3.34112559579481,6,0.068987568792405,218.883886745094,5.42663581170076,0.0404101077640749,2017-10-30
1,1,"field","2017-10-31 12:00:00",3.34594573951546,6,0.068987568792405,219.237524116612,5.42663581170076,0.0405451559928983,2017-10-31
1,1,"field","2017-11-01 12:00:00",3.34594573951546,6,0.0716884011707592,222.762654987437,5.44858412003981,0.0421973354586932,2017-11-01
1,1,"field","2017-11-02 12:00:00",3.34982777114164,6,0.0753433822023992,226.81568453631,5.51964533599918,0.0441200701629213,2017-11-02
1,1,"field","2017-11-03 12:00:00",3.35532263762146,6,0.0782789496123039,230.45115688596,5.62513429347605,0.0453014845757664,2017-11-03
1,1,"field","2017-11-04 12:00:00",3.36006250455285,6,0.0814231622149827,236.585156710484,5.67599958043096,0.0464689656670537,2017-11-04
1,1,"field","2017-11-05 12:00:00",3.36890342843223,6,0.0820568695786864,238.876730407908,5.72367075790737,0.0464848682233302,2017-11-05
1,1,"field","2017-11-06 12:00:00",3.37132887226761,6,0.0820568695786864,240.003153896787,5.74467475924024,0.0463304194705534,2017-11-06
1,1,"field","2017-11-07 12:00:00",3.37183829505795,6,0.0828498873001612,242.204464774736,5.79419124272573,0.0464775546010648,2017-11-07
1,1,"field","2017-11-08 12:00:00",3.37409757003406,6,0.0834179827222669,245.099014941224,5.90085161461081,0.0460826454165046,2017-11-08
1,1,"field","2017-11-09 12:00:00",3.37746107132254,6,0.0834179827222669,246.304420063638,5.93559176254655,0.0458699652262309,2017-11-09
1,1,"field","2017-11-10 12:00:00",3.378110603735,6,0.0834179827222669,246.304420063638,5.93559176254655,0.0459178481901855,2017-11-10
1,1,"field","2017-11-11 12:00:00",3.378110603735,6,0.0852507226406045,249.218419948959,5.95803232670385,0.0466542410033981,2017-11-11
1,1,"field","2017-11-12 12:00:00",3.38022399805043,6,0.0875766933271677,252.803275391535,6.09313255099905,0.0467321228735244,2017-11-12
1,1,"field","2017-11-13 12:00:00",3.38461581034135,6,0.0876953678278228,254.829374285034,6.12478829783874,0.046578829593377,2017-11-13
1,1,"field","2017-11-14 12:00:00",3.38656823059347,6,0.0890373052314765,262.199374170593,6.18053916734145,0.046769585178683,2017-11-14
1,1,"field","2017-11-15 12:00:00",3.39674365772195,6,0.0920799929253486,266.362990855119,6.35941976740886,0.0468499655398168,2017-11-15
1,1,"field","2017-11-16 12:00:00",3.40194228201366,6,0.0920799929253486,266.387580794625,6.35941976740886,0.0468499655398168,2017-11-16
1,1,"field","2017-11-17 12:00:00",3.40194228201366,6,0.092661298472764,270.783580948941,6.39182479419806,0.046865384598069,2017-11-17
1,1,"field","2017-11-18 12:00:00",3.40634644139428,6,0.093587776938856,273.144613182738,6.45748404279164,0.0468823555011096,2017-11-18
1,1,"field","2017-11-19 12:00:00",3.4087865089214,6,0.093587776938856,275.737928636315,6.54684199503035,0.0463127528880974,2017-11-19
1,1,"field","2017-11-20 12:00:00",3.41157676455773,6,0.100312338401942,283.289428673628,6.85288916568022,0.047075922502849,2017-11-20
1,1,"field","2017-11-21 12:00:00",3.4217190396973,6,0.100312338401942,285.222684983685,6.92288552585245,0.04663229510077,2017-11-21
1,1,"field","2017-11-22 12:00:00",3.42352444797031,6,0.100312338401942,285.598764840266,6.92288552585245,0.0466754742509348,2017-11-22
1,1,"field","2017-11-23 12:00:00",3.42352444797031,6,0.105592406666941,291.034897571858,7.17397861591425,0.0472092905404835,2017-11-23
1,1,"field","2017-11-24 12:00:00",3.43000847456653,6,0.113884407962042,302.816897636708,7.64019853446001,0.047371493785448,2017-11-24
1,1,"field","2017-11-25 12:00:00",3.44614376685976,6,0.119109656024563,308.58189745849,7.93997145856502,0.0474448611459582,2017-11-25
1,1,"field","2017-11-26 12:00:00",3.45350708326952,6,0.123958219381624,315.248401367676,8.21527106825535,0.0475201550183409,2017-11-26
1,1,"field","2017-11-27 12:00:00",3.46214856470123,6,0.128573747988018,321.811699969352,8.4770098397146,0.0475832607844816,2017-11-27
1,1,"field","2017-11-28 12:00:00",3.47061960277212,6,0.13489551119512,328.954699737609,8.82689782344529,0.0476706378326439,2017-11-28
1,1,"field","2017-11-29 12:00:00",3.47989849120531,6,0.137549091109928,331.932183922783,8.99381370016324,0.0476969562629774,2017-11-29
1,1,"field","2017-11-30 12:00:00",3.48219107677411,6,0.14417484403136,337.372384044173,9.36383282230715,0.0477877906729936,2017-11-30
1,1,"field","2017-12-01 12:00:00",3.4871182913166,6,0.151168855605873,342.827496016192,9.75614105244722,0.0478727164120386,2017-12-01
1,1,"field","2017-12-02 12:00:00",3.49207248721554,6,0.157916202683901,348.671323326298,10.1323103180208,0.0479461671899477,2017-12-02
1,1,"field","2017-12-03 12:00:00",3.4974491883388,6,0.165145722731344,355.556722247618,10.5340071740738,0.0480186543203468,2017-12-03
1,1,"field","2017-12-04 12:00:00",3.50393209988939,6,0.169851996504382,364.260256913814,10.7925117024313,0.0480603988977396,2017-12-04
1,1,"field","2017-12-05 12:00:00",3.51232721995805,6,0.169851996504382,364.497574201934,10.7925117024313,0.0480603988977396,2017-12-05
1,1,"field","2017-12-06 12:00:00",3.51232721995805,6,0.169851996504382,364.705581898905,10.7925117024313,0.0480603988977396,2017-12-06
1,1,"field","2017-12-07 12:00:00",3.51232721995805,6,0.169851996504382,364.705581898905,10.7925117024313,0.0480603988977396,2017-12-07
1,1,"field","2017-12-08 12:00:00",3.51232721995805,6,0.169851996504382,365.537230654798,10.8065194703224,0.048001499961893,2017-12-08
1,1,"field","2017-12-09 12:00:00",3.51232721995805,6,0.169851996504382,365.537230654798,10.8065194703224,0.048001499961893,2017-12-09
1,1,"field","2017-12-10 12:00:00",3.51232721995805,6,0.169851996504382,367.77004263011,10.9246654945794,0.0475343244869239,2017-12-10
1,1,"field","2017-12-11 12:00:00",3.51259657989089,6,0.169851996504382,369.633672588049,10.9549548229132,0.0474859063891589,2017-12-11
1,1,"field","2017-12-12 12:00:00",3.51411179685566,6,0.169851996504382,369.708406932174,10.9549548229132,0.0475616286092729,2017-12-12
1,1,"field","2017-12-13 12:00:00",3.51411179685566,6,0.172113490177897,372.49322815214,10.9897752608588,0.0480996499634464,2017-12-13
1,1,"field","2017-12-14 12:00:00",3.51637721634529,6,0.172113490177897,372.49322815214,10.9897752608588,0.0480996499634464,2017-12-14
1,1,"field","2017-12-15 12:00:00",3.51637721634529,6,0.173367942878261,375.016284634589,11.096877414723,0.0480830769901325,2017-12-15
1,1,"field","2017-12-16 12:00:00",3.51847473921437,6,0.179726085438784,380.420604799317,11.446413346301,0.0481759220387857,2017-12-16
1,1,"field","2017-12-17 12:00:00",3.52382802087025,6,0.179726085438784,381.478767241239,11.473677815646,0.0480676034957831,2017-12-17
1,1,"field","2017-12-18 12:00:00",3.52478198346104,6,0.181083301166396,384.630103072189,11.6566543298668,0.0478141677866978,2017-12-18
1,1,"field","2017-12-19 12:00:00",3.52792139072034,6,0.184719562073436,387.877621140257,11.8260395203219,0.0482338170926733,2017-12-19
1,1,"field","2017-12-20 12:00:00",3.53120594525834,6,0.184719562073436,388.905168679432,11.8665156326512,0.0480797158602738,2017-12-20
1,1,"field","2017-12-21 12:00:00",3.53227072862157,6,0.184719562073436,389.105337578424,11.8665156326512,0.0480994766938731,2017-12-21
1,1,"field","2017-12-22 12:00:00",3.5325385823978,6,0.184719562073436,389.105337578424,11.8665156326512,0.0481179365669342,2017-12-22
1,1,"field","2017-12-23 12:00:00",3.53265015968298,6,0.184719562073436,389.105337578424,11.8665156326512,0.0481340863447018,2017-12-23
1,1,"field","2017-12-24 12:00:00",3.53280997112423,6,0.184719562073436,389.105337578424,11.8665156326512,0.0481479183551132,2017-12-24
1,1,"field","2017-12-25 12:00:00",3.53301800031837,6,0.184719562073436,389.105337578424,11.8665156326512,0.048159758234564,2017-12-25
1,1,"field","2017-12-26 12:00:00",3.53327422607551,6,0.184719562073436,389.105337578424,11.8665156326512,0.0481698779235317,2017-12-26
1,1,"field","2017-12-27 12:00:00",3.53357862254806,6,0.184719562073436,389.105337578424,11.8665156326512,0.0481785059119796,2017-12-27
1,1,"field","2017-12-28 12:00:00",3.53393115938884,6,0.184719562073436,389.105337578424,11.8665156326512,0.048185835215959,2017-12-28
1,1,"field","2017-12-29 12:00:00",3.53433180193757,6,0.184719562073436,389.105337578424,11.8665156326512,0.0481920296578338,2017-12-29
1,1,"field","2017-12-30 12:00:00",3.53478051143505,6,0.184719562073436,389.105337578424,11.8665156326512,0.0481972288619613,2017-12-30
1,1,"field","2017-12-31 12:00:00",3.53527724526429,6,0.184719562073436,389.105337578424,11.8665156326512,0.0482015522662084,2017-12-31
